{"cameraMode":{"drawMode":0,"name":"Shaded","section":"Shading Mode"},"sceneLighting":true,"audioPlay":false,"sceneViewState":{"showFog":true,"showMaterialUpdate":false,"showSkybox":true,"showFlares":true,"showImageEffects":true,"showParticleSystems":true},"in2DMode":false,"pivot":{"x":27.97589111328125,"y":-19.625,"z":-14.8426513671875},"rotation":{"x":0.689834475517273,"y":-0.09031372517347336,"z":0.08738270401954651,"w":0.7129836678504944},"size":131.42178344726563,"orthographic":true}