{"cameraMode":{"drawMode":0,"name":"Shaded","section":"Shading Mode"},"sceneLighting":true,"audioPlay":false,"sceneViewState":{"showFog":true,"showMaterialUpdate":false,"showSkybox":true,"showFlares":true,"showImageEffects":true,"showParticleSystems":true},"in2DMode":false,"pivot":{"x":94.31909942626953,"y":0.0,"z":-1412.214111328125},"rotation":{"x":0.6799495816230774,"y":-0.015394470654428006,"z":0.014281151816248894,"w":0.732959508895874},"size":768.7161865234375,"orthographic":true}